entity_id,entity_name,fiscal_year_end,reporting_currency,fx_rate_to_zar,fx_rate_note,total_revenue,cogs,inventory,total_borrowings,interest_expense,ebitda,total_assets,equity,payables,receivables,total_revenue_zar,cogs_zar,inventory_zar,total_borrowings_zar,interest_expense_zar,ebitda_zar,total_assets_zar,equity_zar,payables_zar,receivables_zar,foreign_revenue_pct,data_source,data_quality
E01,BHP Group,2022-06-30,USD,16.26,USD/ZAR period-end,65098000000.0,,6250000000.0,16428000000.0,1050000000.0,,95166000000.0,48766000000.0,6687000000.0,5579000000.0,1058493480000.0001,,101625000000.00002,267119280000.00003,17073000000.000002,,1547399160000.0002,792935160000.0001,108730620000.00002,90714540000.00002,100.0,Primary AFS / annual report (see original combined_afs_financials file for page refs),primary_verified
E01,BHP Group,2023-06-30,USD,18.85,USD/ZAR period-end,53817000000.0,,6623000000.0,22345000000.0,2060000000.0,,101296000000.0,48530000000.0,6300000000.0,4742000000.0,1014450450000.0001,,124843550000.00002,421203250000.00006,38831000000.0,,1909429600000.0002,914790500000.0001,118755000000.00002,89386700000.0,100.0,Primary AFS / annual report (see original combined_afs_financials file for page refs),primary_verified
E01,BHP Group,2024-06-30,USD,18.2,USD/ZAR period-end,55658000000.0,,7039000000.0,20718000000.0,2198000000.0,,102362000000.0,49120000000.0,6764000000.0,5339000000.0,1012975600000.0,,128109800000.0,377067600000.0,40003600000.0,,1862988400000.0,893984000000.0,123104800000.0,97169800000.0,100.0,Primary AFS / annual report (see original combined_afs_financials file for page refs),primary_verified
E01,BHP Group,2025-06-30,USD,17.75,USD/ZAR period-end,51262000000.0,,6978000000.0,24496000000.0,1771000000.0,,108790000000.0,52218000000.0,6670000000.0,4253000000.0,909900500000.0,,123859500000.0,434804000000.0,31435250000.0,,1931022500000.0,926869500000.0,118392500000.0,75490750000.0,100.0,Primary AFS / annual report (see original combined_afs_financials file for page refs),primary_verified
E02,Glencore plc,2022-12-31,USD,17.02,USD/ZAR period-end,255984000000.0,228723000000.0,33460000000.0,28777000000.0,1771000000.0,34060000000.0,132583000000.0,45219000000.0,29726000000.0,24565000000.0,4356847680000.0,3892865460000.0,569489200000.0,489784540000.0,30142420000.0,579701200000.0,2256562660000.0,769627380000.0,505936520000.0,418096300000.0,,Primary AFS / annual report (see original combined_afs_financials file for page refs),primary_verified
E02,Glencore plc,2023-12-31,USD,18.29,USD/ZAR period-end,217829000000.0,207046000000.0,31569000000.0,32241000000.0,2515000000.0,17102000000.0,123869000000.0,38237000000.0,29289000000.0,18385000000.0,3984092410000.0,3786871340000.0,577397010000.0,589687890000.0,45999350000.0,312795580000.0,2265564010000.0,699354730000.0,535695810000.0,336261650000.0,,Primary AFS / annual report (see original combined_afs_financials file for page refs),primary_verified
E02,Glencore plc,2024-12-31,USD,18.87,USD/ZAR period-end,230944000000.0,224294000000.0,29580000000.0,38107000000.0,2921000000.0,14358000000.0,130460000000.0,35660000000.0,28968000000.0,17781000000.0,4357913280000.0,4232427780000.0,558174600000.0,719079090000.0,55119270000.0,270935460000.0,2461780200000.0,672904200000.0,546626160000.0,335527470000.0,,Primary AFS / annual report (see original combined_afs_financials file for page refs),primary_verified
E02,Glencore plc,2025-12-31,USD,16.57,USD/ZAR period-end,247535000000.0,241672000000.0,32882000000.0,41486000000.0,3246000000.0,13511000000.0,142199000000.0,33606000000.0,35614000000.0,23826000000.0,4101654950000.0,4004505040000.0,544854740000.0,687423020000.0,53786220000.0,223877270000.0,2356237430000.0,556851420000.0,590123980000.0,394796820000.0,,Primary AFS / annual report (see original combined_afs_financials file for page refs),primary_verified
E03,Anglo American,2022-12-31,USD,17.02,USD/ZAR period-end,35118000000.0,25875000000.0,7407000000.0,14365000000.0,515000000.0,,67407000000.0,34024000000.0,7629000000.0,4923000000.0,597708360000.0,440392500000.0,126067140000.0,244492300000.0,8765300000.0,,1147267140000.0,579088480000.0,129845580000.0,83789460000.0,,Primary AFS / annual report (see original combined_afs_financials file for page refs),primary_verified
E03,Anglo American,2023-12-31,USD,18.29,USD/ZAR period-end,30652000000.0,26748000000.0,7234000000.0,16912000000.0,990000000.0,,66544000000.0,31617000000.0,6700000000.0,4983000000.0,560625080000.0,489220920000.0,132309860000.0,309320480000.0,18107100000.0,,1217089760000.0,578274930000.0,122543000000.0,91139070000.0,,Primary AFS / annual report (see original combined_afs_financials file for page refs),primary_verified
E03,Anglo American,2024-12-31,USD,18.87,USD/ZAR period-end,27290000000.0,27518000000.0,6439000000.0,18210000000.0,1172000000.0,,64866000000.0,28533000000.0,6282000000.0,3660000000.0,514962300000.0,519264660000.0,121503930000.0,343622700000.0,22115640000.0,,1224021420000.0,538417710000.0,118541340000.0,69064200000.0,,Primary AFS / annual report (see original combined_afs_financials file for page refs),primary_verified
E03,Anglo American,2025-12-31,USD,16.57,USD/ZAR period-end,18546000000.0,17194000000.0,3819000000.0,15481000000.0,862000000.0,,55994000000.0,24117000000.0,4956000000.0,4057000000.0,307307220000.0,284904580000.0,63280830000.0,256520170000.0,14283340000.0,,927820580000.0,399618690000.0,82120920000.0,67224490000.0,,Primary AFS / annual report (see original combined_afs_financials file for page refs),primary_verified
E04,AngloGold Ashanti,2022-12-31,USD,17.02,USD/ZAR period-end,4501000000.0,3362000000.0,778000000.0,1983000000.0,149000000.0,,8072000000.0,4134000000.0,717000000.0,468000000.0,76607020000.0,57221240000.0,13241560000.0,33750660000.0,2535980000.0,,137385440000.0,70360680000.0,12203340000.0,7965360000.0,100.0,Primary AFS / annual report (see original combined_afs_financials file for page refs),primary_verified
E04,AngloGold Ashanti,2023-12-31,USD,18.29,USD/ZAR period-end,4582000000.0,3541000000.0,831000000.0,2239000000.0,157000000.0,,8257000000.0,3740000000.0,777000000.0,405000000.0,83804780000.0,64764890000.0,15198990000.0,40951310000.0,2871530000.0,,151020530000.0,68404600000.0,14211330000.0,7407450000.0,100.0,Primary AFS / annual report (see original combined_afs_financials file for page refs),primary_verified
E04,AngloGold Ashanti,2024-12-31,USD,18.87,USD/ZAR period-end,5793000000.0,3726000000.0,1213000000.0,1984000000.0,167000000.0,,13230000000.0,8513000000.0,963000000.0,569000000.0,109313910000.0,70309620000.0,22889310000.0,37438080000.0,3151290000.0,,249650100000.0,160640310000.0,18171810000.0,10737030000.0,100.0,Primary AFS / annual report (see original combined_afs_financials file for page refs),primary_verified
E04,AngloGold Ashanti,2025-12-31,USD,16.57,USD/ZAR period-end,9893000000.0,5022000000.0,1251000000.0,2044000000.0,220000000.0,,15078000000.0,9916000000.0,1015000000.0,675000000.0,163927010000.0,83214540000.0,20729070000.0,33869080000.0,3645400000.0,,249842460000.0,164308120000.0,16818550000.0,11184750000.0,100.0,Primary AFS / annual report (see original combined_afs_financials file for page refs),primary_verified
E05,Gold Fields,2022-12-31,USD,17.02,USD/ZAR period-end,4286700000.0,2607700000.0,964300000.0,1079300000.0,72500000.0,2440100000.0,7338100000.0,4339500000.0,600700000.0,198000000.0,72959634000.0,44383054000.0,16412386000.0,18369686000.0,1233950000.0,41530502000.0,124894462000.0,73858290000.0,10223914000.0,3369960000.0,86.29,Primary AFS / annual report (see original combined_afs_financials file for page refs),primary_verified
E05,Gold Fields,2023-12-31,USD,18.29,USD/ZAR period-end,4500700000.0,2747000000.0,1079800000.0,1236500000.0,62900000.0,2428300000.0,8226299999.999999,4619800000.0,643900000.0,251400000.0,82317803000.0,50242630000.0,19749542000.0,22615585000.0,1150441000.0,44413607000.0,150459026999.99997,84496142000.0,11776931000.0,4598106000.0,86.16,Primary AFS / annual report (see original combined_afs_financials file for page refs),primary_verified
E05,Gold Fields,2024-12-31,USD,18.87,USD/ZAR period-end,5201600000.0,2843700000.0,1049100000.0,2495600000.0,50400000.0,2847400000.0,10142900000.0,5366900000.0,651100000.0,337800000.0,98154192000.0,53660619000.0,19796517000.0,47091972000.0,951048000.0,53730438000.0,191396523000.0,101273403000.0,12286257000.0,6374286000.0,87.57,Primary AFS / annual report (see original combined_afs_financials file for page refs),primary_verified
E05,Gold Fields,2025-12-31,USD,16.57,USD/ZAR period-end,8751300000.0,3680800000.0,1156000000.0,2738200000.0,120700000.0,5637400000.0,15225200000.0,8672400000.0,908100000.0,380700000.0,145009041000.0,60990856000.0,19154920000.0,45371974000.0,1999999000.0,93411718000.0,252281564000.0,143701668000.0,15047217000.0,6308199000.0,87.82,Primary AFS / annual report (see original combined_afs_financials file for page refs),primary_verified
E06,Valterra Platinum,2022-12-31,ZAR,1.0,n/a (already ZAR),164090000000.0,93480000000.0,,,301000000.0,74502000000.0,,,,,164090000000.0,93480000000.0,,,301000000.0,74502000000.0,,,,,,"stockanalysis.com (S&P Global Market Intelligence) — aggregator data, not verified against primary AFS",aggregator_unverified
E06,Valterra Platinum,2023-12-31,ZAR,1.0,n/a (already ZAR),124583000000.0,103490000000.0,,,512000000.0,24620000000.0,,,,,124583000000.0,103490000000.0,,,512000000.0,24620000000.0,,,,,,"stockanalysis.com (S&P Global Market Intelligence) — aggregator data, not verified against primary AFS",aggregator_unverified
E06,Valterra Platinum,2024-12-31,ZAR,1.0,n/a (already ZAR),108987000000.0,90732000000.0,,,964000000.0,23502000000.0,,,,,108987000000.0,90732000000.0,,,964000000.0,23502000000.0,,,,,,"stockanalysis.com (S&P Global Market Intelligence) — aggregator data, not verified against primary AFS",aggregator_unverified
E06,Valterra Platinum,2025-12-31,ZAR,1.0,n/a (already ZAR),116330000000.0,87734000000.0,,5270000000.0,1101000000.0,32010000000.0,,,,,116330000000.0,87734000000.0,,5270000000.0,1101000000.0,32010000000.0,,,,,,"stockanalysis.com (S&P Global Market Intelligence) — aggregator data, not verified against primary AFS",aggregator_unverified
E07,OUTsurance Group,2022-06-30,ZAR,1.0,n/a (already ZAR),23532000000.0,11325000000.0,,0.0,432000000.0,,30380000000.0,12952000000.0,2777000000.0,4858000000.0,23532000000.0,11325000000.0,,0.0,432000000.0,,30380000000.0,12952000000.0,2777000000.0,4858000000.0,0.5304,Primary AFS / annual report (see original combined_afs_financials file for page refs),primary_verified
E07,OUTsurance Group,2023-06-30,ZAR,1.0,n/a (already ZAR),28499000000.0,13139000000.0,,0.0,40000000.0,,36445000000.0,14501000000.0,2367000000.0,6562000000.0,28499000000.0,13139000000.0,,0.0,40000000.0,,36445000000.0,14501000000.0,2367000000.0,6562000000.0,0.5754,Primary AFS / annual report (see original combined_afs_financials file for page refs),primary_verified
E07,OUTsurance Group,2024-06-30,ZAR,1.0,n/a (already ZAR),31913000000.0,26324000000.0,,774000000.0,73000000.0,,34257000000.0,15387000000.0,1172000000.0,1472000000.0,31913000000.0,26324000000.0,,774000000.0,73000000.0,,34257000000.0,15387000000.0,1172000000.0,1472000000.0,0.5892,Primary AFS / annual report (see original combined_afs_financials file for page refs),primary_verified
E07,OUTsurance Group,2025-06-30,ZAR,1.0,n/a (already ZAR),37131000000.0,29550000000.0,,0.0,136000000.0,,38649000000.0,15944000000.0,1434000000.0,2236000000.0,37131000000.0,29550000000.0,,0.0,136000000.0,,38649000000.0,15944000000.0,1434000000.0,2236000000.0,0.6075,Primary AFS / annual report (see original combined_afs_financials file for page refs),primary_verified
E08,Sanlam,2022-12-31,ZAR,1.0,n/a (already ZAR),80441000000.0,70958000000.0,,14654000000.0,1126000000.0,16550000000.0,998154000000.0,98958000000.0,28288000000.0,15232000000.0,80441000000.0,70958000000.0,,14654000000.0,1126000000.0,16550000000.0,998154000000.0,98958000000.0,28288000000.0,15232000000.0,0.3994,Primary AFS / annual report (see original combined_afs_financials file for page refs),primary_verified
E08,Sanlam,2023-12-31,ZAR,1.0,n/a (already ZAR),87840000000.0,78080000000.0,,14936000000.0,1518000000.0,22200000000.0,990452000000.0,96905000000.0,30800000000.0,20014000000.0,87840000000.0,78080000000.0,,14936000000.0,1518000000.0,22200000000.0,990452000000.0,96905000000.0,30800000000.0,20014000000.0,0.2973,Primary AFS / annual report (see original combined_afs_financials file for page refs),primary_verified
E08,Sanlam,2024-12-31,ZAR,1.0,n/a (already ZAR),93475000000.0,80540000000.0,,19769000000.0,1609000000.0,31122000000.0,1133544000000.0,110155000000.0,31112000000.0,13448000000.0,93475000000.0,80540000000.0,,19769000000.0,1609000000.0,31122000000.0,1133544000000.0,110155000000.0,31112000000.0,13448000000.0,0.0184,Primary AFS / annual report (see original combined_afs_financials file for page refs),primary_verified
E08,Sanlam,2025-12-31,ZAR,1.0,n/a (already ZAR),102903000000.0,89004000000.0,,18578000000.0,2046000000.0,28410000000.0,1295698000000.0,111522000000.0,36891000000.0,18629000000.0,102903000000.0,89004000000.0,,18578000000.0,2046000000.0,28410000000.0,1295698000000.0,111522000000.0,36891000000.0,18629000000.0,0.0194,Primary AFS / annual report (see original combined_afs_financials file for page refs),primary_verified
E09,Shoprite Holdings,2022-07-03,ZAR,1.0,n/a (already ZAR),187740000000.0,139017000000.0,21879000000.0,5512000000.0,2999000000.0,16436000000.0,91455000000.0,25627000000.0,21477000000.0,5216000000.0,187740000000.0,139017000000.0,21879000000.0,5512000000.0,2999000000.0,16436000000.0,91455000000.0,25627000000.0,21477000000.0,5216000000.0,0.1101,Primary AFS / annual report (see original combined_afs_financials file for page refs),primary_verified
E09,Shoprite Holdings,2023-06-30,ZAR,1.0,n/a (already ZAR),219645000000.0,163250000000.0,25090000000.0,6368000000.0,3668000000.0,18224000000.0,102450000000.0,26278000000.0,25175000000.0,5875000000.0,219645000000.0,163250000000.0,25090000000.0,6368000000.0,3668000000.0,18224000000.0,102450000000.0,26278000000.0,25175000000.0,5875000000.0,0.1087,Primary AFS / annual report (see original combined_afs_financials file for page refs),primary_verified
E09,Shoprite Holdings,2024-06-30,ZAR,1.0,n/a (already ZAR),246082000000.0,182968000000.0,28366000000.0,5993000000.0,4306000000.0,20663000000.0,112328000000.0,27724000000.0,32544000000.0,6714000000.0,246082000000.0,182968000000.0,28366000000.0,5993000000.0,4306000000.0,20663000000.0,112328000000.0,27724000000.0,32544000000.0,6714000000.0,0.1033,Primary AFS / annual report (see original combined_afs_financials file for page refs),primary_verified
E09,Shoprite Holdings,2025-06-29,ZAR,1.0,n/a (already ZAR),256682000000.0,191259000000.0,29748000000.0,6993000000.0,5115000000.0,24018000000.0,124944000000.0,30117000000.0,34160000000.0,6291000000.0,256682000000.0,191259000000.0,29748000000.0,6993000000.0,5115000000.0,24018000000.0,124944000000.0,30117000000.0,34160000000.0,6291000000.0,0.0912,Primary AFS / annual report (see original combined_afs_financials file for page refs),primary_verified
E10,Bid Corporation,2022-06-30,ZAR,1.0,n/a (already ZAR),147138000000.0,111496000000.0,13758000000.0,15193000000.0,697640000.0,8788000000.0,79567000000.0,31103000000.0,21419000000.0,16717000000.0,147138000000.0,111496000000.0,13758000000.0,15193000000.0,697640000.0,8788000000.0,79567000000.0,31103000000.0,21419000000.0,16717000000.0,,"stockanalysis.com (S&P Global Market Intelligence) — aggregator data, not verified against primary AFS",aggregator_unverified
E10,Bid Corporation,2023-06-30,ZAR,1.0,n/a (already ZAR),196341000000.0,149538000000.0,17866000000.0,21987000000.0,1016000000.0,11871000000.0,106640000000.0,40195000000.0,29154000000.0,22110000000.0,196341000000.0,149538000000.0,17866000000.0,21987000000.0,1016000000.0,11871000000.0,106640000000.0,40195000000.0,29154000000.0,22110000000.0,,"stockanalysis.com (S&P Global Market Intelligence) — aggregator data, not verified against primary AFS",aggregator_unverified
E10,Bid Corporation,2024-06-30,ZAR,1.0,n/a (already ZAR),225905000000.0,171445000000.0,17008000000.0,22354000000.0,1259000000.0,13764000000.0,107668000000.0,42524000000.0,26672000000.0,22198000000.0,225905000000.0,171445000000.0,17008000000.0,22354000000.0,1259000000.0,13764000000.0,107668000000.0,42524000000.0,26672000000.0,22198000000.0,,"stockanalysis.com (S&P Global Market Intelligence) — aggregator data, not verified against primary AFS",aggregator_unverified
E10,Bid Corporation,2025-06-30,ZAR,1.0,n/a (already ZAR),235591000000.0,177918000000.0,19263000000.0,26206000000.0,1309000000.0,14913000000.0,120965000000.0,47673000000.0,29251000000.0,23741000000.0,235591000000.0,177918000000.0,19263000000.0,26206000000.0,1309000000.0,14913000000.0,120965000000.0,47673000000.0,29251000000.0,23741000000.0,,"stockanalysis.com (S&P Global Market Intelligence) — aggregator data, not verified against primary AFS",aggregator_unverified
E11,Pepkor Holdings,2022-09-30,ZAR,1.0,n/a (already ZAR),81396000000.0,52583000000.0,17066000000.0,11479000000.0,2468000000.0,14626000000.0,113567000000.0,62945000000.0,14712000000.0,8511000000.0,81396000000.0,52583000000.0,17066000000.0,11479000000.0,2468000000.0,14626000000.0,113567000000.0,62945000000.0,14712000000.0,8511000000.0,,Primary AFS / annual report (see original combined_afs_financials file for page refs),primary_verified
E11,Pepkor Holdings,2023-09-30,ZAR,1.0,n/a (already ZAR),87408000000.0,56370000000.0,16974000000.0,11516000000.0,3095000000.0,14173000000.0,108740000000.0,59053000000.0,15095000000.0,9242000000.0,87408000000.0,56370000000.0,16974000000.0,11516000000.0,3095000000.0,14173000000.0,108740000000.0,59053000000.0,15095000000.0,9242000000.0,0.1403,Primary AFS / annual report (see original combined_afs_financials file for page refs),primary_verified
E11,Pepkor Holdings,2024-09-30,ZAR,1.0,n/a (already ZAR),85136000000.0,52527000000.0,17509000000.0,11533000000.0,3447000000.0,14398000000.0,107711000000.0,58749000000.0,16771000000.0,11090000000.0,85136000000.0,52527000000.0,17509000000.0,11533000000.0,3447000000.0,14398000000.0,107711000000.0,58749000000.0,16771000000.0,11090000000.0,0.1527,Primary AFS / annual report (see original combined_afs_financials file for page refs),primary_verified
E11,Pepkor Holdings,2025-09-30,ZAR,1.0,n/a (already ZAR),95340000000.0,57388000000.0,18618000000.0,13383000000.0,3354000000.0,16001000000.0,115035000000.0,63240000000.0,16890000000.0,14729000000.0,95340000000.0,57388000000.0,18618000000.0,13383000000.0,3354000000.0,16001000000.0,115035000000.0,63240000000.0,16890000000.0,14729000000.0,0.1456,Primary AFS / annual report (see original combined_afs_financials file for page refs),primary_verified
E12,Clicks Group,2022-08-31,ZAR,1.0,n/a (already ZAR),39587000000.0,31155000000.0,6164000000.0,3100000000.0,197640000.0,3755000000.0,17864000000.0,5699000000.0,6169000000.0,2963000000.0,39587000000.0,31155000000.0,6164000000.0,3100000000.0,197640000.0,3755000000.0,17864000000.0,5699000000.0,6169000000.0,2963000000.0,,"stockanalysis.com (S&P Global Market Intelligence) — aggregator data, not verified against primary AFS",aggregator_unverified
E12,Clicks Group,2023-08-31,ZAR,1.0,n/a (already ZAR),41622000000.0,32308000000.0,6310000000.0,3239000000.0,218950000.0,4145000000.0,19035000000.0,5965000000.0,7216000000.0,2895000000.0,41622000000.0,32308000000.0,6310000000.0,3239000000.0,218950000.0,4145000000.0,19035000000.0,5965000000.0,7216000000.0,2895000000.0,,"stockanalysis.com (S&P Global Market Intelligence) — aggregator data, not verified against primary AFS",aggregator_unverified
E12,Clicks Group,2024-08-31,ZAR,1.0,n/a (already ZAR),45438000000.0,34805000000.0,7063000000.0,3786000000.0,340210000.0,4745000000.0,20817000000.0,6286000000.0,7636000000.0,2894000000.0,45438000000.0,34805000000.0,7063000000.0,3786000000.0,340210000.0,4745000000.0,20817000000.0,6286000000.0,7636000000.0,2894000000.0,,"stockanalysis.com (S&P Global Market Intelligence) — aggregator data, not verified against primary AFS",aggregator_unverified
E12,Clicks Group,2025-08-31,ZAR,1.0,n/a (already ZAR),47828000000.0,36428000000.0,7819000000.0,4042000000.0,363960000.0,5276000000.0,22592000000.0,6858000000.0,8367000000.0,2933000000.0,47828000000.0,36428000000.0,7819000000.0,4042000000.0,363960000.0,5276000000.0,22592000000.0,6858000000.0,8367000000.0,2933000000.0,,"stockanalysis.com (S&P Global Market Intelligence) — aggregator data, not verified against primary AFS",aggregator_unverified
E13,NEPI Rockcastle,2022-12-31,EUR,18.21,EUR/ZAR period-end,621863000.0,219388000.0,20694000.0,2600979000.0,56802000.0,,7150240000.0,3898721000.0,155002000.0,85496000.0,11324125230.0,3995055480.0,376837740.0,47363827590.0,1034364420.0,,130205870400.0,70995709410.0,2822586420.0,1556882160.0,0.604,Primary AFS / annual report (see original combined_afs_financials file for page refs),primary_verified
E13,NEPI Rockcastle,2023-12-31,EUR,20.21,EUR/ZAR period-end,764472000.0,273263000.0,17266000.0,2566157000.0,69052000.0,,7613389000.0,4304761000.0,154333000.0,93465000.0,15449979120.0,5522645230.0,348945860.0,51862032970.0,1395540920.0,,153866591690.0,86999219810.0,3119069930.0,1888927650.0,0.6088,Primary AFS / annual report (see original combined_afs_financials file for page refs),primary_verified
E13,NEPI Rockcastle,2024-12-31,EUR,19.53,EUR/ZAR period-end,834680000.0,278741000.0,4227000.0,2964368000.0,100144000.0,,8742671000.0,4908482000.0,187084000.0,115947000.0,16301300400.0,5443811730.0,82553310.0,57894107040.0,1955812320.0,,170744364630.0,95862653460.0,3653750520.0,2264444910.0,0.6104,Primary AFS / annual report (see original combined_afs_financials file for page refs),primary_verified
E13,NEPI Rockcastle,2025-12-31,EUR,19.39,EUR/ZAR period-end,924166000.0,306056000.0,0.0,3014680000.0,103963000.0,,8950935000.0,5006336000.0,179289000.0,113533000.0,17919578740.0,5934425840.0,0.0,58454645200.0,2015842570.0,,173558629650.0,97072855040.0,3476413710.0,2201404870.0,0.6387,Primary AFS / annual report (see original combined_afs_financials file for page refs),primary_verified
E14,Prosus,2022-03-31,USD,14.54,USD/ZAR period-end,6866000000.0,4804000000.0,470000000.0,16049000000.0,403000000.0,-411000000.0,71338000000.0,50523000000.0,549000000.0,276000000.0,99831640000.0,69850160000.0,6833800000.0,233352460000.0,5859620000.0,-5975940000.0,1037254520000.0,734604420000.0,7982460000.0,4013040000.0,,Primary AFS / annual report (see original combined_afs_financials file for page refs),primary_verified
E14,Prosus,2023-03-31,USD,18.15,USD/ZAR period-end,5765000000.0,4108000000.0,324000000.0,16235000000.0,555000000.0,-668000000.0,65078000000.0,44625000000.0,356000000.0,526000000.0,104634749999.99998,74560200000.0,5880600000.0,294665250000.0,10073250000.0,-12124200000.0,1181165700000.0,809943749999.9999,6461399999.999999,9546900000.0,,Primary AFS / annual report (see original combined_afs_financials file for page refs),primary_verified
E14,Prosus,2024-03-31,USD,18.95,USD/ZAR period-end,5467000000.0,3245000000.0,268000000.0,16211000000.0,557000000.0,-13000000.0,61821000000.0,41292000000.0,365000000.0,278000000.0,103599650000.0,61492750000.0,5078600000.0,307198450000.0,10555150000.0,-246350000.0,1171507950000.0,782483400000.0,6916750000.0,5268100000.0,,Primary AFS / annual report (see original combined_afs_financials file for page refs),primary_verified
E14,Prosus,2025-03-31,USD,18.35,USD/ZAR period-end,6170000000.0,3546000000.0,255000000.0,16406000000.0,549000000.0,484000000.0,72588000000.0,51125000000.0,318000000.0,202000000.0,113219500000.00002,65069100000.00001,4679250000.0,301050100000.0,10074150000.0,8881400000.0,1331989800000.0,938143750000.0001,5835300000.0,3706700000.0000005,,Primary AFS / annual report (see original combined_afs_financials file for page refs),primary_verified
E14,Prosus,2026-03-31,USD,17.19,USD/ZAR period-end,9705000000.0,5198000000.0,271000000.0,17525000000.0,645000000.0,1053000000.0,79075000000.0,53867000000.0,1109000000.0,570000000.0,166828950000.0,89353620000.0,4658490000.0,301254750000.0,11087550000.0,18101070000.0,1359299250000.0,925973730000.0001,19063710000.0,9798300000.0,,Primary AFS / annual report (see original combined_afs_financials file for page refs),primary_verified
E15,Naspers,2022-03-31,USD,14.54,USD/ZAR period-end,7940000000.0,5617000000.0,571000000.0,16131000000.0,411000000.0,,71317000000.0,50128000000.0,609000000.0,318000000.0,115447600000.0,81671180000.0,8302339999.999999,234544740000.0,5975940000.0,,1036949180000.0,728861120000.0,8854860000.0,4623720000.0,,Primary AFS / annual report (see original combined_afs_financials file for page refs),primary_verified
E15,Naspers,2023-03-31,USD,18.15,USD/ZAR period-end,6778000000.0,4883000000.0,415000000.0,16426000000.0,571000000.0,,65498000000.0,44605000000.0,406000000.0,,123020699999.99998,88626450000.0,7532249999.999999,298131900000.0,10363650000.0,,1188788700000.0,809580749999.9999,7368899999.999999,,,Primary AFS / annual report (see original combined_afs_financials file for page refs),primary_verified
E15,Naspers,2024-03-31,USD,18.95,USD/ZAR period-end,6431000000.0,3966000000.0,355000000.0,16486000000.0,585000000.0,,62275000000.0,41282000000.0,427000000.0,,121867450000.0,75155700000.0,6727250000.0,312409700000.0,11085750000.0,,1180111250000.0,782293900000.0,8091650000.0,,,Primary AFS / annual report (see original combined_afs_financials file for page refs),primary_verified
E15,Naspers,2025-03-31,USD,18.35,USD/ZAR period-end,7181000000.0,4289000000.0,321000000.0,16783000000.0,586000000.0,,73268000000.0,51211000000.0,365000000.0,,131771350000.00002,78703150000.0,5890350000.0,307968050000.0,10753100000.0,,1344467800000.0,939721850000.0001,6697750000.000001,,,Primary AFS / annual report (see original combined_afs_financials file for page refs),primary_verified
E16,MTN Group,2022-12-31,ZAR,1.0,n/a (already ZAR),207003000000.0,56197000000.0,1906000000.0,81274000000.0,19728000000.0,89879000000.0,391881000000.0,122343000000.0,56815000000.0,28828000000.0,207003000000.0,56197000000.0,1906000000.0,81274000000.0,19728000000.0,89879000000.0,391881000000.0,122343000000.0,56815000000.0,28828000000.0,0.7554,Primary AFS / annual report (see original combined_afs_financials file for page refs),primary_verified
E16,MTN Group,2023-12-31,ZAR,1.0,n/a (already ZAR),221056000000.0,63318000000.0,1472000000.0,84049000000.0,18954000000.0,89808000000.0,434714000000.0,150183000000.0,54678000000.0,29352000000.0,221056000000.0,63318000000.0,1472000000.0,84049000000.0,18954000000.0,89808000000.0,434714000000.0,150183000000.0,54678000000.0,29352000000.0,0.7656,Primary AFS / annual report (see original combined_afs_financials file for page refs),primary_verified
E16,MTN Group,2024-12-31,ZAR,1.0,n/a (already ZAR),188001000000.0,56678000000.0,1213000000.0,79362000000.0,18350000000.0,70066000000.0,430960000000.0,138447000000.0,57942000000.0,34304000000.0,188001000000.0,56678000000.0,1213000000.0,79362000000.0,18350000000.0,70066000000.0,430960000000.0,138447000000.0,57942000000.0,34304000000.0,0.7202,Primary AFS / annual report (see original combined_afs_financials file for page refs),primary_verified
E16,MTN Group,2025-12-31,ZAR,1.0,n/a (already ZAR),226707000000.0,54676000000.0,1310000000.0,70374000000.0,19979000000.0,97863000000.0,498712000000.0,169733000000.0,63183000000.0,34411000000.0,226707000000.0,54676000000.0,1310000000.0,70374000000.0,19979000000.0,97863000000.0,498712000000.0,169733000000.0,63183000000.0,34411000000.0,0.7746,Primary AFS / annual report (see original combined_afs_financials file for page refs),primary_verified
E17,Vodacom Group,2022-03-31,ZAR,1.0,n/a (already ZAR),102736000000.0,38624000000.0,1787000000.0,51408000000.0,4229000000.0,39862000000.0,177967000000.0,85466000000.0,,,102736000000.0,38624000000.0,1787000000.0,51408000000.0,4229000000.0,39862000000.0,177967000000.0,85466000000.0,,,0.2228,Primary AFS / annual report (see original combined_afs_financials file for page refs),primary_verified
E17,Vodacom Group,2023-03-31,ZAR,1.0,n/a (already ZAR),119170000000.0,45942000000.0,2156000000.0,69014000000.0,5569000000.0,45165000000.0,228315000000.0,97427000000.0,,,119170000000.0,45942000000.0,2156000000.0,69014000000.0,5569000000.0,45165000000.0,228315000000.0,97427000000.0,,,0.228,Primary AFS / annual report (see original combined_afs_financials file for page refs),primary_verified
E17,Vodacom Group,2024-03-31,ZAR,1.0,n/a (already ZAR),150594000000.0,57700000000.0,2321000000.0,71281000000.0,8163000000.0,56172000000.0,240613000000.0,103828000000.0,,,150594000000.0,57700000000.0,2321000000.0,71281000000.0,8163000000.0,56172000000.0,240613000000.0,103828000000.0,,,0.2048,Primary AFS / annual report (see original combined_afs_financials file for page refs),primary_verified
E17,Vodacom Group,2025-03-31,ZAR,1.0,n/a (already ZAR),152227000000.0,59340000000.0,2287000000.0,75660000000.0,8093000000.0,55563000000.0,249981000000.0,103652000000.0,,,152227000000.0,59340000000.0,2287000000.0,75660000000.0,8093000000.0,55563000000.0,249981000000.0,103652000000.0,,,0.212,Primary AFS / annual report (see original combined_afs_financials file for page refs),primary_verified
E17,Vodacom Group,2026-03-31,ZAR,1.0,n/a (already ZAR),167652000000.0,64262000000.0,2112000000.0,92877000000.0,8333000000.0,62702000000.0,276433000000.0,107235000000.0,,,167652000000.0,64262000000.0,2112000000.0,92877000000.0,8333000000.0,62702000000.0,276433000000.0,107235000000.0,,,0.2087,Primary AFS / annual report (see original combined_afs_financials file for page refs),primary_verified
E18,The Bidvest Group,2022-06-30,ZAR,1.0,n/a (already ZAR),99929074000.0,69966260000.0,11375865000.0,25083267000.0,1724673000.0,13320886000.0,96016170000.0,31875342000.0,20498175000.0,16560642000.0,99929074000.0,69966260000.0,11375865000.0,25083267000.0,1724673000.0,13320886000.0,96016170000.0,31875342000.0,20498175000.0,16560642000.0,0.2036,Primary AFS / annual report (see original combined_afs_financials file for page refs),primary_verified
E18,The Bidvest Group,2023-06-30,ZAR,1.0,n/a (already ZAR),114911518000.0,81570287000.0,14111588000.0,28356369000.0,2096106000.0,15337199000.0,107508522000.0,36331692000.0,23215138000.0,18602251000.0,114911518000.0,81570287000.0,14111588000.0,28356369000.0,2096106000.0,15337199000.0,107508522000.0,36331692000.0,23215138000.0,18602251000.0,0.2174,Primary AFS / annual report (see original combined_afs_financials file for page refs),primary_verified
E18,The Bidvest Group,2024-06-30,ZAR,1.0,n/a (already ZAR),122615986000.0,87739492000.0,14894387000.0,31805322000.0,2713770000.0,16636141000.0,112581519000.0,38532032000.0,22958643000.0,19168125000.0,122615986000.0,87739492000.0,14894387000.0,31805322000.0,2713770000.0,16636141000.0,112581519000.0,38532032000.0,22958643000.0,19168125000.0,0.2551,Primary AFS / annual report (see original combined_afs_financials file for page refs),primary_verified
E18,The Bidvest Group,2025-06-30,ZAR,1.0,n/a (already ZAR),126605406000.0,91540464000.0,14835934000.0,39087821000.0,2941305000.0,16424927000.0,124590172000.0,41414557000.0,22554599000.0,20127631000.0,126605406000.0,91540464000.0,14835934000.0,39087821000.0,2941305000.0,16424927000.0,124590172000.0,41414557000.0,22554599000.0,20127631000.0,0.2779,Primary AFS / annual report (see original combined_afs_financials file for page refs),primary_verified
E19,Aspen Pharmacare,2022-06-30,ZAR,1.0,n/a (already ZAR),38606000000.0,20300000000.0,15763000000.0,22247000000.0,573000000.0,11012000000.0,111375000000.0,70942000000.0,10060000000.0,11948000000.0,38606000000.0,20300000000.0,15763000000.0,22247000000.0,573000000.0,11012000000.0,111375000000.0,70942000000.0,10060000000.0,11948000000.0,0.83,Primary AFS / annual report (see original combined_afs_financials file for page refs),primary_verified
E19,Aspen Pharmacare,2023-06-30,ZAR,1.0,n/a (already ZAR),40709000000.0,21775000000.0,19606000000.0,29282000000.0,1120000000.0,11100000000.0,134284000000.0,86236000000.0,10180000000.0,13053000000.0,40709000000.0,21775000000.0,19606000000.0,29282000000.0,1120000000.0,11100000000.0,134284000000.0,86236000000.0,10180000000.0,13053000000.0,0.85,Primary AFS / annual report (see original combined_afs_financials file for page refs),primary_verified
E19,Aspen Pharmacare,2024-06-30,ZAR,1.0,n/a (already ZAR),44706000000.0,25252000000.0,18002000000.0,36455000000.0,2166000000.0,11255000000.0,139155000000.0,84861000000.0,10347000000.0,12664000000.0,44706000000.0,25252000000.0,18002000000.0,36455000000.0,2166000000.0,11255000000.0,139155000000.0,84861000000.0,10347000000.0,12664000000.0,0.85,Primary AFS / annual report (see original combined_afs_financials file for page refs),primary_verified
E19,Aspen Pharmacare,2025-06-30,ZAR,1.0,n/a (already ZAR),43363000000.0,24234000000.0,18009000000.0,36120000000.0,1643000000.0,9591000000.0,135893000000.0,84893000000.0,10675000000.0,13339000000.0,43363000000.0,24234000000.0,18009000000.0,36120000000.0,1643000000.0,9591000000.0,135893000000.0,84893000000.0,10675000000.0,13339000000.0,0.82,Primary AFS / annual report (see original combined_afs_financials file for page refs),primary_verified
E20,Shaftesbury Capital plc,2022-12-31,GBP,20.56,GBP/ZAR period-end,74100000.0,16800000.0,,744400000.0,27200000.0,,2351200000.0,1561600000.0,41900000.0,136400000.0,1523496000.0,345408000.0,,15304864000.0,559232000.0,,48340672000.0,32106495999.999996,861464000.0,2804384000.0,0.0,Primary AFS / annual report (see original combined_afs_financials file for page refs),primary_verified
E20,Shaftesbury Capital plc,2023-12-31,GBP,23.29,GBP/ZAR period-end,195100000.0,53200000.0,,1629700000.0,67500000.0,,5216300000.0,3480200000.0,96000000.0,158800000.0,4543879000.0,1239028000.0,,37955713000.0,1572075000.0,,121487627000.0,81053858000.0,2235840000.0,3698452000.0,0.0,Primary AFS / annual report (see original combined_afs_financials file for page refs),primary_verified
E20,Shaftesbury Capital plc,2024-12-31,GBP,23.64,GBP/ZAR period-end,227100000.0,60000000.0,,1467800000.0,72000000.0,,5231900000.0,3674300000.0,84800000.0,170100000.0,5368644000.0,1418400000.0,,34698792000.0,1702080000.0,,123682116000.0,86860452000.0,2004672000.0,4021164000.0,0.0,Primary AFS / annual report (see original combined_afs_financials file for page refs),primary_verified
E20,Shaftesbury Capital plc,2025-12-31,GBP,22.45,GBP/ZAR period-end,238900000.0,61200000.0,,1210800000.0,63800000.0,,5880900000.0,4568100000.0,98100000.0,155100000.0,5363305000.0,1373940000.0,,27182460000.0,1432310000.0,,132026205000.0,102553845000.0,2202345000.0,3481995000.0,0.0,Primary AFS / annual report (see original combined_afs_financials file for page refs),primary_verified
